DATE,1Y,2Y,3Y,5Y,7Y,10Y,20Y,30Y
2023-11-01,5.37,4.95,4.76,4.67,4.75,4.77,5.13,4.96
2023-11-02,5.38,4.98,4.78,4.65,4.68,4.67,4.99,4.82
2023-11-03,5.29,4.83,4.62,4.49,4.55,4.57,4.93,4.77
2023-11-06,5.33,4.93,4.72,4.6,4.66,4.67,5.0,4.84
2023-11-07,5.33,4.91,4.64,4.53,4.58,4.58,4.91,4.75
2023-11-08,5.34,4.93,4.65,4.51,4.54,4.49,4.82,4.64
2023-11-09,5.39,5.03,4.77,4.65,4.68,4.62,4.97,4.77
2023-11-10,5.38,5.04,4.8,4.65,4.68,4.61,4.93,4.73
2023-11-13,5.37,5.02,4.8,4.66,4.69,4.63,4.95,4.75
2023-11-14,5.24,4.8,4.56,4.42,4.45,4.44,4.8,4.61
2023-11-15,5.27,4.9,4.68,4.52,4.56,4.53,4.87,4.68
2023-11-16,5.23,4.83,4.59,4.43,4.47,4.45,4.82,4.63
2023-11-17,5.24,4.88,4.64,4.45,4.47,4.44,4.8,4.59
2023-11-20,5.25,4.89,4.62,4.44,4.46,4.42,4.74,4.57
2023-11-21,5.24,4.86,4.6,4.41,4.44,4.41,4.75,4.57
2023-11-22,5.26,4.89,4.62,4.44,4.46,4.42,4.73,4.55
2023-11-24,5.27,4.92,4.67,4.49,4.51,4.47,4.79,4.6
2023-11-27,5.24,4.84,4.6,4.38,4.43,4.39,4.72,4.53
2023-11-28,5.21,4.73,4.49,4.29,4.36,4.34,4.7,4.52
2023-11-29,5.12,4.64,4.4,4.22,4.28,4.27,4.62,4.44
2023-11-30,5.16,4.73,4.48,4.31,4.38,4.37,4.72,4.54
2023-12-01,5.05,4.56,4.31,4.14,4.22,4.22,4.58,4.4
2023-12-04,5.1,4.64,4.4,4.23,4.3,4.28,4.61,4.43
2023-12-05,5.06,4.57,4.33,4.14,4.2,4.18,4.48,4.3
2023-12-06,5.07,4.6,4.33,4.12,4.16,4.12,4.4,4.22
2023-12-07,5.05,4.58,4.31,4.11,4.16,4.14,4.42,4.25
2023-12-08,5.13,4.71,4.45,4.24,4.28,4.23,4.49,4.31
2023-12-11,5.14,4.71,4.42,4.25,4.27,4.23,4.51,4.32
2023-12-12,5.14,4.73,4.42,4.23,4.24,4.2,4.48,4.3
2023-12-13,4.94,4.46,4.18,4.0,4.04,4.04,4.36,4.19
2023-12-14,4.9,4.37,4.09,3.9,3.93,3.92,4.21,4.03
2023-12-15,4.95,4.44,4.13,3.91,3.94,3.91,4.19,4.0
2023-12-18,4.95,4.43,4.15,3.94,3.97,3.95,4.23,4.05
2023-12-19,4.93,4.41,4.15,3.94,3.96,3.93,4.23,4.03
2023-12-20,4.88,4.34,4.06,3.86,3.88,3.86,4.17,3.98
2023-12-21,4.84,4.33,4.06,3.87,3.91,3.89,4.19,4.03
2023-12-22,4.82,4.31,4.04,3.87,3.92,3.9,4.21,4.05
2023-12-26,4.83,4.26,4.05,3.89,3.91,3.89,4.2,4.04
2023-12-27,4.79,4.2,3.97,3.78,3.81,3.79,4.1,3.95
2023-12-28,4.82,4.26,4.02,3.83,3.84,3.84,4.14,3.98
2023-12-29,4.79,4.23,4.01,3.84,3.88,3.88,4.2,4.03
2024-01-02,4.8,4.33,4.09,3.93,3.95,3.95,4.25,4.08
2024-01-03,4.81,4.33,4.07,3.9,3.92,3.91,4.21,4.05
2024-01-04,4.85,4.38,4.14,3.97,3.99,3.99,4.3,4.13
2024-01-05,4.84,4.4,4.17,4.02,4.04,4.05,4.37,4.21
2024-01-08,4.82,4.36,4.11,3.97,3.99,4.01,4.33,4.17
2024-01-09,4.82,4.36,4.09,3.97,4.0,4.02,4.33,4.18
2024-01-10,4.82,4.37,4.1,3.99,4.01,4.04,4.35,4.2
2024-01-11,4.75,4.26,4.02,3.9,3.95,3.98,4.32,4.18
2024-01-12,4.65,4.14,3.92,3.84,3.91,3.96,4.32,4.2
2024-01-16,4.7,4.22,4.02,3.95,4.01,4.07,4.43,4.3
2024-01-17,4.8,4.34,4.12,4.02,4.07,4.1,4.42,4.31
2024-01-18,4.8,4.34,4.13,4.04,4.1,4.14,4.48,4.37
2024-01-19,4.84,4.39,4.18,4.08,4.12,4.15,4.47,4.36
2024-01-22,4.83,4.37,4.14,4.03,4.07,4.11,4.44,4.32
2024-01-23,4.81,4.31,4.16,4.06,4.11,4.14,4.48,4.38
2024-01-24,4.83,4.34,4.19,4.06,4.14,4.18,4.52,4.41
2024-01-25,4.76,4.28,4.12,4.01,4.07,4.14,4.49,4.38
2024-01-26,4.78,4.34,4.15,4.04,4.1,4.15,4.49,4.38
2024-01-29,4.76,4.29,4.1,3.97,4.02,4.08,4.42,4.31
2024-01-30,4.8,4.36,4.14,4.0,4.03,4.06,4.4,4.28
2024-01-31,4.73,4.27,4.05,3.91,3.95,3.99,4.34,4.22
2024-02-01,4.68,4.2,3.96,3.8,3.83,3.87,4.21,4.1
2024-02-02,4.81,4.36,4.14,3.99,4.02,4.03,4.33,4.22
2024-02-05,4.87,4.46,4.27,4.13,4.16,4.17,4.46,4.35
2024-02-06,4.82,4.39,4.14,4.03,4.07,4.09,4.39,4.29
2024-02-07,4.83,4.41,4.16,4.06,4.09,4.09,4.41,4.31
2024-02-08,4.83,4.46,4.22,4.12,4.15,4.15,4.47,4.36
2024-02-09,4.86,4.48,4.25,4.14,4.17,4.17,4.48,4.37
2024-02-12,4.87,4.46,4.25,4.13,4.16,4.17,4.48,4.37
2024-02-13,4.99,4.64,4.44,4.31,4.33,4.31,4.59,4.46
2024-02-14,4.94,4.56,4.38,4.25,4.27,4.27,4.57,4.45
2024-02-15,4.93,4.56,4.36,4.22,4.25,4.24,4.54,4.42
2024-02-16,4.98,4.64,4.43,4.29,4.31,4.3,4.58,4.45
2024-02-20,4.97,4.59,4.38,4.25,4.28,4.27,4.56,4.44
2024-02-21,4.98,4.64,4.43,4.3,4.33,4.32,4.59,4.49
2024-02-22,5.02,4.69,4.49,4.33,4.35,4.33,4.58,4.47
2024-02-23,5.0,4.67,4.45,4.28,4.28,4.26,4.51,4.37
2024-02-26,5.03,4.69,4.48,4.29,4.32,4.28,4.53,4.4
2024-02-27,5.03,4.7,4.5,4.32,4.34,4.31,4.57,4.44
2024-02-28,5.0,4.64,4.44,4.26,4.28,4.27,4.53,4.4
2024-02-29,5.01,4.64,4.43,4.26,4.28,4.25,4.51,4.38
2024-03-01,4.94,4.54,4.32,4.17,4.2,4.19,4.46,4.33
2024-03-04,4.98,4.61,4.39,4.21,4.23,4.22,4.48,4.36
2024-03-05,4.94,4.54,4.32,4.13,4.15,4.13,4.39,4.27
2024-03-06,4.95,4.55,4.32,4.12,4.12,4.11,4.36,4.24
2024-03-07,4.93,4.5,4.28,4.07,4.09,4.09,4.35,4.25
2024-03-08,4.92,4.48,4.25,4.06,4.08,4.09,4.36,4.26
2024-03-11,4.95,4.51,4.26,4.08,4.09,4.1,4.36,4.26
2024-03-12,5.0,4.58,4.33,4.15,4.16,4.16,4.42,4.31
2024-03-13,5.01,4.61,4.37,4.19,4.2,4.19,4.45,4.35
2024-03-14,5.04,4.68,4.46,4.29,4.3,4.29,4.54,4.44
2024-03-15,5.05,4.72,4.51,4.33,4.33,4.31,4.55,4.43
2024-03-18,5.06,4.73,4.52,4.36,4.35,4.34,4.57,4.46
2024-03-19,5.06,4.68,4.47,4.31,4.31,4.3,4.54,4.44
2024-03-20,5.01,4.59,4.41,4.25,4.28,4.27,4.53,4.45
2024-03-21,5.01,4.62,4.42,4.26,4.28,4.27,4.53,4.44
2024-03-22,4.98,4.59,4.36,4.2,4.22,4.22,4.47,4.39
2024-03-25,5.0,4.54,4.39,4.23,4.25,4.25,4.51,4.42
2024-03-26,5.0,4.56,4.38,4.22,4.23,4.24,4.49,4.4
2024-03-27,4.99,4.54,4.36,4.18,4.18,4.2,4.45,4.36
2024-03-28,5.03,4.59,4.4,4.21,4.2,4.2,4.45,4.34
2024-04-01,5.06,4.72,4.51,4.34,4.33,4.33,4.58,4.47
2024-04-02,5.05,4.7,4.51,4.35,4.37,4.36,4.61,4.51
2024-04-03,5.03,4.68,4.48,4.34,4.36,4.36,4.61,4.51
2024-04-04,5.0,4.65,4.46,4.3,4.31,4.31,4.57,4.47
2024-04-05,5.05,4.73,4.54,4.38,4.39,4.39,4.65,4.54
2024-04-08,5.07,4.78,4.6,4.43,4.43,4.42,4.65,4.55
2024-04-09,5.03,4.74,4.52,4.37,4.38,4.36,4.6,4.5
2024-04-10,5.19,4.97,4.77,4.61,4.59,4.55,4.76,4.64
2024-04-11,5.17,4.93,4.77,4.61,4.6,4.56,4.77,4.65
2024-04-12,5.13,4.88,4.7,4.54,4.53,4.5,4.73,4.61
2024-04-15,5.16,4.93,4.78,4.65,4.65,4.63,4.85,4.74
2024-04-16,5.18,4.97,4.83,4.69,4.69,4.67,4.88,4.77
2024-04-17,5.16,4.93,4.77,4.62,4.61,4.59,4.81,4.71
2024-04-18,5.18,4.98,4.83,4.68,4.67,4.64,4.85,4.74
2024-04-19,5.17,4.97,4.81,4.66,4.65,4.62,4.83,4.72
2024-04-22,5.16,4.97,4.81,4.66,4.65,4.62,4.84,4.72
2024-04-23,5.14,4.86,4.76,4.63,4.62,4.61,4.84,4.73
2024-04-24,5.17,4.89,4.78,4.64,4.66,4.65,4.88,4.78
2024-04-25,5.21,4.96,4.85,4.7,4.71,4.7,4.93,4.82
2024-04-26,5.21,4.96,4.84,4.68,4.68,4.67,4.89,4.78
2024-04-29,5.2,4.97,4.8,4.65,4.64,4.63,4.86,4.75
2024-04-30,5.25,5.04,4.87,4.72,4.71,4.69,4.9,4.79
2024-05-01,5.21,4.96,4.79,4.64,4.64,4.63,4.85,4.74
2024-05-02,5.16,4.87,4.71,4.57,4.57,4.58,4.82,4.72
2024-05-03,5.12,4.81,4.63,4.48,4.49,4.5,4.75,4.66
2024-05-06,5.12,4.82,4.64,4.48,4.48,4.49,4.73,4.64
2024-05-07,5.13,4.82,4.6,4.48,4.47,4.47,4.7,4.61
2024-05-08,5.13,4.84,4.63,4.5,4.49,4.48,4.73,4.64
2024-05-09,5.12,4.8,4.6,4.47,4.46,4.45,4.7,4.6
2024-05-10,5.17,4.87,4.65,4.52,4.51,4.5,4.74,4.64
2024-05-13,5.16,4.85,4.66,4.5,4.49,4.48,4.72,4.63
2024-05-14,5.16,4.81,4.62,4.46,4.45,4.45,4.69,4.59
2024-05-15,5.1,4.73,4.51,4.35,4.35,4.36,4.61,4.52
2024-05-16,5.13,4.78,4.58,4.4,4.39,4.38,4.62,4.52
2024-05-17,5.14,4.83,4.6,4.44,4.43,4.42,4.66,4.56
2024-05-20,5.15,4.82,4.62,4.46,4.44,4.44,4.68,4.58
2024-05-21,5.14,4.82,4.61,4.43,4.42,4.41,4.65,4.55
2024-05-22,5.16,4.86,4.64,4.47,4.44,4.43,4.63,4.55
2024-05-23,5.2,4.91,4.71,4.52,4.5,4.47,4.67,4.58
2024-05-24,5.21,4.93,4.71,4.53,4.49,4.46,4.65,4.57
2024-05-28,5.21,4.94,4.75,4.56,4.56,4.54,4.74,4.66
2024-05-29,5.22,4.96,4.79,4.63,4.63,4.61,4.82,4.74
2024-05-30,5.19,4.92,4.74,4.57,4.57,4.55,4.76,4.69
2024-05-31,5.18,4.89,4.69,4.52,4.52,4.51,4.73,4.65
2024-06-03,5.14,4.82,4.62,4.42,4.41,4.41,4.63,4.55
2024-06-04,5.11,4.77,4.55,4.35,4.33,4.33,4.56,4.48
2024-06-05,5.08,4.72,4.5,4.31,4.29,4.29,4.52,4.44
2024-06-06,5.08,4.72,4.49,4.29,4.28,4.28,4.51,4.43
2024-06-07,5.17,4.87,4.65,4.46,4.45,4.43,4.64,4.55
2024-06-10,5.16,4.87,4.62,4.48,4.47,4.47,4.68,4.59
2024-06-11,5.17,4.81,4.57,4.41,4.4,4.39,4.62,4.53
2024-06-12,5.13,4.75,4.48,4.32,4.31,4.31,4.56,4.47
2024-06-13,5.07,4.68,4.42,4.24,4.23,4.24,4.5,4.4
2024-06-14,5.07,4.67,4.41,4.22,4.2,4.2,4.46,4.34
2024-06-17,5.11,4.75,4.5,4.3,4.28,4.28,4.52,4.4
2024-06-18,5.09,4.69,4.43,4.24,4.22,4.22,4.47,4.36
2024-06-20,5.1,4.7,4.45,4.26,4.25,4.25,4.49,4.39
2024-06-21,5.1,4.7,4.45,4.26,4.25,4.25,4.49,4.39
2024-06-24,5.1,4.71,4.46,4.27,4.25,4.25,4.48,4.38
2024-06-25,5.1,4.65,4.45,4.25,4.23,4.23,4.46,4.36
2024-06-26,5.13,4.71,4.53,4.32,4.32,4.32,4.55,4.45
2024-06-27,5.1,4.7,4.49,4.29,4.27,4.29,4.53,4.43
2024-06-28,5.09,4.71,4.52,4.33,4.33,4.36,4.61,4.51
2024-07-01,5.1,4.77,4.58,4.44,4.45,4.48,4.76,4.64
2024-07-02,5.07,4.74,4.54,4.39,4.4,4.43,4.71,4.6
2024-07-03,5.04,4.71,4.48,4.33,4.33,4.36,4.64,4.53
2024-07-05,4.98,4.6,4.39,4.22,4.23,4.28,4.57,4.47
2024-07-08,4.99,4.62,4.4,4.23,4.23,4.28,4.57,4.46
2024-07-09,5.02,4.62,4.37,4.24,4.25,4.3,4.59,4.49
2024-07-10,5.01,4.62,4.38,4.24,4.24,4.28,4.58,4.47
2024-07-11,4.91,4.5,4.26,4.13,4.15,4.2,4.51,4.41
2024-07-12,4.87,4.45,4.22,4.1,4.13,4.18,4.5,4.39
2024-07-15,4.85,4.44,4.23,4.13,4.16,4.23,4.56,4.46
2024-07-16,4.85,4.43,4.21,4.09,4.11,4.17,4.48,4.38
2024-07-17,4.85,4.42,4.19,4.07,4.09,4.16,4.46,4.37
2024-07-18,4.86,4.46,4.24,4.11,4.14,4.2,4.51,4.41
2024-07-19,4.87,4.49,4.28,4.16,4.18,4.25,4.55,4.45
2024-07-22,4.88,4.5,4.29,4.17,4.2,4.26,4.57,4.48
2024-07-23,4.85,4.4,4.26,4.15,4.18,4.25,4.56,4.48
2024-07-24,4.82,4.37,4.24,4.12,4.2,4.28,4.62,4.54
2024-07-25,4.83,4.41,4.26,4.13,4.18,4.27,4.59,4.5
2024-07-26,4.79,4.36,4.2,4.06,4.1,4.2,4.53,4.45
2024-07-29,4.79,4.36,4.19,4.05,4.08,4.17,4.51,4.42
2024-07-30,4.78,4.35,4.16,4.03,4.06,4.15,4.5,4.4
2024-07-31,4.73,4.29,4.1,3.97,4.0,4.09,4.44,4.35
2024-08-01,4.62,4.16,3.96,3.84,3.89,3.99,4.35,4.27
2024-08-02,4.33,3.88,3.7,3.62,3.68,3.8,4.19,4.11
2024-08-05,4.34,3.89,3.71,3.62,3.66,3.78,4.16,4.06
2024-08-06,4.46,3.99,3.76,3.73,3.79,3.9,4.28,4.18
2024-08-07,4.45,4.0,3.81,3.79,3.85,3.96,4.35,4.26
2024-08-08,4.48,4.04,3.86,3.83,3.89,3.99,4.38,4.28
2024-08-09,4.5,4.05,3.86,3.8,3.85,3.94,4.33,4.23
2024-08-12,4.47,4.01,3.82,3.75,3.8,3.9,4.3,4.19
2024-08-13,4.4,3.93,3.75,3.68,3.74,3.85,4.25,4.16
2024-08-14,4.42,3.94,3.76,3.67,3.72,3.83,4.22,4.12
2024-08-15,4.52,4.08,3.9,3.79,3.83,3.92,4.28,4.18
2024-08-16,4.49,4.06,3.87,3.77,3.81,3.89,4.26,4.15
2024-08-19,4.48,4.06,3.86,3.75,3.78,3.86,4.23,4.11
2024-08-20,4.43,3.99,3.8,3.7,3.73,3.82,4.19,4.07
2024-08-21,4.36,3.92,3.74,3.64,3.69,3.79,4.15,4.06
2024-08-22,4.43,3.99,3.82,3.72,3.77,3.86,4.21,4.13
2024-08-23,4.36,3.9,3.73,3.65,3.71,3.81,4.18,4.1
2024-08-26,4.38,3.91,3.74,3.66,3.72,3.82,4.19,4.11
2024-08-27,4.34,3.83,3.72,3.66,3.73,3.83,4.21,4.13
2024-08-28,4.36,3.83,3.72,3.63,3.74,3.84,4.22,4.13
2024-08-29,4.38,3.87,3.76,3.66,3.76,3.87,4.24,4.15
2024-08-30,4.38,3.91,3.79,3.71,3.8,3.91,4.28,4.2
2024-09-03,4.35,3.88,3.73,3.65,3.73,3.84,4.21,4.13
2024-09-04,4.23,3.76,3.63,3.56,3.65,3.77,4.14,4.06
2024-09-05,4.21,3.75,3.61,3.54,3.63,3.73,4.11,4.02
2024-09-06,4.1,3.66,3.54,3.5,3.6,3.72,4.1,4.03
2024-09-09,4.12,3.68,3.54,3.49,3.58,3.7,4.08,4.0
2024-09-10,4.07,3.59,3.42,3.43,3.53,3.65,4.04,3.97
2024-09-11,4.12,3.62,3.45,3.45,3.54,3.65,4.03,3.96
2024-09-12,4.09,3.64,3.47,3.47,3.57,3.68,4.07,4.0
2024-09-13,4.0,3.57,3.42,3.43,3.53,3.66,4.05,3.98
2024-09-16,3.96,3.56,3.42,3.41,3.51,3.63,4.01,3.94
2024-09-17,3.99,3.59,3.45,3.44,3.53,3.65,4.02,3.96
2024-09-18,3.95,3.61,3.49,3.47,3.58,3.7,4.08,4.03
2024-09-19,3.93,3.59,3.47,3.49,3.6,3.73,4.11,4.06
2024-09-20,3.92,3.55,3.46,3.48,3.59,3.73,4.1,4.07
2024-09-23,3.91,3.57,3.47,3.51,3.62,3.75,4.12,4.09
2024-09-24,3.88,3.49,3.44,3.47,3.6,3.74,4.13,4.09
2024-09-25,3.89,3.53,3.49,3.52,3.65,3.79,4.18,4.14
2024-09-26,3.96,3.6,3.54,3.55,3.65,3.79,4.17,4.12
2024-09-27,3.9,3.55,3.49,3.5,3.6,3.75,4.15,4.1
2024-09-30,3.98,3.66,3.58,3.58,3.67,3.81,4.19,4.14
2024-10-01,3.96,3.61,3.52,3.51,3.6,3.74,4.14,4.08
2024-10-02,3.97,3.63,3.54,3.55,3.65,3.79,4.19,4.14
2024-10-03,4.02,3.7,3.62,3.62,3.71,3.85,4.24,4.18
2024-10-04,4.2,3.93,3.84,3.81,3.88,3.98,4.33,4.26
2024-10-07,4.24,3.99,3.89,3.86,3.92,4.03,4.37,4.3
2024-10-08,4.21,3.98,3.86,3.86,3.94,4.04,4.38,4.32
2024-10-09,4.24,3.99,3.89,3.91,3.97,4.06,4.41,4.34
2024-10-10,4.22,3.98,3.88,3.91,3.99,4.09,4.44,4.38
2024-10-11,4.18,3.95,3.85,3.88,3.97,4.08,4.44,4.39
2024-10-15,4.18,3.95,3.86,3.86,3.93,4.03,4.37,4.32
2024-10-16,4.17,3.93,3.84,3.84,3.92,4.02,4.36,4.3
2024-10-17,4.21,3.96,3.89,3.9,3.99,4.09,4.44,4.39
2024-10-18,4.19,3.95,3.86,3.88,3.97,4.08,4.44,4.38
2024-10-21,4.24,4.02,3.95,3.98,4.07,4.19,4.54,4.49
2024-10-22,4.24,4.03,3.98,4.0,4.1,4.2,4.55,4.49
2024-10-23,4.27,4.07,4.03,4.05,4.14,4.24,4.58,4.51
2024-10-24,4.25,4.07,4.02,4.03,4.12,4.21,4.54,4.47
2024-10-25,4.29,4.11,4.05,4.07,4.15,4.25,4.58,4.51
2024-10-28,4.28,4.12,4.09,4.11,4.19,4.28,4.61,4.53
2024-10-29,4.29,4.11,4.08,4.11,4.18,4.28,4.61,4.52
2024-10-30,4.28,4.15,4.14,4.14,4.2,4.29,4.6,4.49
2024-10-31,4.27,4.16,4.12,4.15,4.21,4.28,4.58,4.47
2024-11-01,4.28,4.21,4.18,4.22,4.3,4.37,4.68,4.57
2024-11-04,4.25,4.17,4.1,4.17,4.24,4.31,4.6,4.5
2024-11-05,4.27,4.19,4.11,4.16,4.22,4.26,4.55,4.44
2024-11-06,4.31,4.27,4.2,4.27,4.37,4.42,4.71,4.6
2024-11-07,4.28,4.21,4.13,4.17,4.25,4.31,4.62,4.52
2024-11-08,4.32,4.26,4.18,4.2,4.25,4.3,4.58,4.47
2024-11-12,4.38,4.34,4.29,4.32,4.38,4.43,4.7,4.58
2024-11-13,4.31,4.27,4.25,4.3,4.38,4.44,4.73,4.63
2024-11-14,4.36,4.34,4.3,4.32,4.38,4.43,4.69,4.58
2024-11-15,4.34,4.31,4.27,4.3,4.36,4.43,4.7,4.6
2024-11-18,4.33,4.29,4.25,4.28,4.35,4.42,4.7,4.61
2024-11-19,4.34,4.27,4.24,4.25,4.32,4.39,4.66,4.57
2024-11-20,4.37,4.31,4.26,4.28,4.34,4.41,4.66,4.59
2024-11-21,4.39,4.34,4.3,4.3,4.36,4.43,4.68,4.61
2024-11-22,4.42,4.37,4.32,4.3,4.35,4.41,4.67,4.6
2024-11-25,4.37,4.21,4.21,4.17,4.21,4.27,4.53,4.45
2024-11-26,4.37,4.21,4.21,4.17,4.24,4.3,4.56,4.48
2024-11-27,4.34,4.19,4.17,4.11,4.17,4.25,4.52,4.44
2024-11-29,4.3,4.13,4.1,4.05,4.1,4.18,4.45,4.36
2024-12-02,4.3,4.17,4.11,4.08,4.13,4.19,4.46,4.36
2024-12-03,4.27,4.17,4.13,4.11,4.17,4.23,4.5,4.4
2024-12-04,4.23,4.13,4.09,4.07,4.13,4.19,4.45,4.35
2024-12-05,4.23,4.15,4.1,4.07,4.12,4.17,4.43,4.33
2024-12-06,4.19,4.1,4.05,4.03,4.09,4.15,4.42,4.34
2024-12-09,4.2,4.13,4.09,4.07,4.13,4.2,4.47,4.39
2024-12-10,4.22,4.15,4.08,4.09,4.15,4.22,4.49,4.41
2024-12-11,4.21,4.15,4.09,4.13,4.2,4.26,4.55,4.48
2024-12-12,4.22,4.18,4.14,4.18,4.25,4.32,4.62,4.55
2024-12-13,4.24,4.25,4.21,4.25,4.33,4.4,4.69,4.61
2024-12-16,4.24,4.25,4.22,4.25,4.32,4.39,4.68,4.6
2024-12-17,4.25,4.25,4.22,4.26,4.33,4.4,4.68,4.59
2024-12-18,4.3,4.35,4.35,4.4,4.45,4.5,4.74,4.65
2024-12-19,4.28,4.32,4.35,4.43,4.51,4.57,4.82,4.74
2024-12-20,4.27,4.3,4.32,4.37,4.45,4.52,4.79,4.72
2024-12-23,4.26,4.3,4.36,4.44,4.52,4.59,4.85,4.78
2024-12-24,4.24,4.29,4.36,4.43,4.52,4.59,4.84,4.76
2024-12-26,4.23,4.3,4.35,4.42,4.49,4.58,4.83,4.76
2024-12-27,4.2,4.31,4.36,4.45,4.53,4.62,4.89,4.82
2024-12-30,4.17,4.24,4.29,4.37,4.46,4.55,4.84,4.77
2024-12-31,4.16,4.25,4.27,4.38,4.48,4.58,4.86,4.78
2025-01-02,4.17,4.25,4.29,4.38,4.47,4.57,4.86,4.79
2025-01-03,4.18,4.28,4.32,4.41,4.51,4.6,4.88,4.82
2025-01-06,4.17,4.28,4.3,4.42,4.52,4.62,4.91,4.85
2025-01-07,4.19,4.3,4.33,4.46,4.57,4.67,4.97,4.91
2025-01-08,4.19,4.28,4.31,4.45,4.56,4.67,4.97,4.91
2025-01-09,4.16,4.27,4.31,4.46,4.57,4.68,4.98,4.92
2025-01-10,4.25,4.4,4.46,4.59,4.7,4.77,5.04,4.96
2025-01-13,4.24,4.4,4.49,4.61,4.71,4.79,5.05,4.97
2025-01-14,4.22,4.37,4.46,4.59,4.7,4.78,5.06,4.98
2025-01-15,4.19,4.27,4.34,4.45,4.55,4.66,4.95,4.88
2025-01-16,4.18,4.23,4.29,4.39,4.5,4.61,4.91,4.84
2025-01-17,4.21,4.27,4.33,4.42,4.52,4.61,4.91,4.84
2025-01-21,4.21,4.29,4.33,4.4,4.49,4.57,4.87,4.8
2025-01-22,4.2,4.29,4.34,4.43,4.51,4.6,4.89,4.82
2025-01-23,4.18,4.29,4.35,4.45,4.55,4.65,4.92,4.87
2025-01-24,4.17,4.27,4.33,4.43,4.53,4.63,4.91,4.85
2025-01-27,4.13,4.17,4.24,4.32,4.43,4.53,4.82,4.76
2025-01-28,4.14,4.19,4.25,4.33,4.43,4.55,4.84,4.78
2025-01-29,4.17,4.21,4.27,4.35,4.44,4.55,4.85,4.79
2025-01-30,4.16,4.18,4.24,4.31,4.41,4.52,4.81,4.76
2025-01-31,4.17,4.22,4.27,4.36,4.47,4.58,4.88,4.83
2025-02-03,4.2,4.26,4.28,4.35,4.45,4.54,4.82,4.77
2025-02-04,4.18,4.21,4.25,4.31,4.42,4.52,4.81,4.75
2025-02-05,4.17,4.17,4.19,4.24,4.33,4.43,4.69,4.64
2025-02-06,4.19,4.21,4.23,4.28,4.36,4.45,4.7,4.65
2025-02-07,4.25,4.29,4.31,4.34,4.42,4.49,4.75,4.69
2025-02-10,4.24,4.28,4.3,4.34,4.42,4.51,4.76,4.71
2025-02-11,4.25,4.29,4.28,4.37,4.45,4.54,4.8,4.75
2025-02-12,4.3,4.36,4.37,4.48,4.56,4.62,4.9,4.83
2025-02-13,4.27,4.31,4.31,4.39,4.46,4.52,4.79,4.72
2025-02-14,4.23,4.26,4.26,4.33,4.41,4.47,4.75,4.69
2025-02-18,4.24,4.29,4.33,4.4,4.48,4.55,4.83,4.77
2025-02-19,4.22,4.28,4.3,4.37,4.46,4.53,4.79,4.76
2025-02-20,4.2,4.28,4.27,4.34,4.43,4.5,4.77,4.74
2025-02-21,4.15,4.19,4.19,4.26,4.35,4.42,4.69,4.67
2025-02-24,4.15,4.13,4.17,4.23,4.32,4.4,4.69,4.66
2025-02-25,4.12,4.07,4.08,4.12,4.21,4.3,4.59,4.55
2025-02-26,4.12,4.05,4.04,4.06,4.16,4.25,4.55,4.51
2025-02-27,4.13,4.07,4.05,4.09,4.19,4.29,4.59,4.56
2025-02-28,4.08,3.99,3.99,4.03,4.14,4.24,4.55,4.51
2025-03-03,4.06,3.96,3.93,3.97,4.06,4.16,4.49,4.45
2025-03-04,4.04,3.96,3.94,4.01,4.11,4.22,4.56,4.53
2025-03-05,4.06,3.99,4.01,4.08,4.18,4.28,4.61,4.57
2025-03-06,4.02,3.96,3.98,4.06,4.18,4.29,4.63,4.58
2025-03-07,4.05,3.99,4.01,4.09,4.21,4.32,4.66,4.62
2025-03-10,3.98,3.89,3.91,3.98,4.1,4.22,4.58,4.54
2025-03-11,4.03,3.94,3.92,4.03,4.16,4.28,4.63,4.59
2025-03-12,4.07,4.01,3.98,4.09,4.2,4.32,4.67,4.63
2025-03-13,4.03,3.94,3.93,4.02,4.15,4.27,4.63,4.59
2025-03-14,4.09,4.02,4.0,4.09,4.2,4.31,4.65,4.62
2025-03-17,4.11,4.06,4.03,4.11,4.21,4.31,4.64,4.6
2025-03-18,4.13,4.04,4.01,4.07,4.18,4.29,4.61,4.58
2025-03-19,4.1,3.99,3.95,4.03,4.14,4.25,4.58,4.56
2025-03-20,4.06,3.95,3.93,4.01,4.12,4.24,4.57,4.55
2025-03-21,4.04,3.94,3.92,4.0,4.12,4.25,4.6,4.59
2025-03-24,4.11,4.04,4.01,4.09,4.22,4.34,4.68,4.66
2025-03-25,4.09,3.96,3.98,4.07,4.19,4.31,4.67,4.65
2025-03-26,4.1,3.98,4.01,4.08,4.22,4.35,4.71,4.69
2025-03-27,4.1,3.97,4.0,4.09,4.23,4.38,4.75,4.73
2025-03-28,4.04,3.89,3.91,3.98,4.11,4.27,4.65,4.64
2025-03-31,4.03,3.89,3.89,3.96,4.09,4.23,4.62,4.59
2025-04-01,4.01,3.87,3.85,3.91,4.03,4.17,4.56,4.52
2025-04-02,4.04,3.91,3.89,3.95,4.07,4.2,4.58,4.54
2025-04-03,3.92,3.71,3.68,3.75,3.88,4.06,4.51,4.49
2025-04-04,3.86,3.68,3.66,3.72,3.84,4.01,4.44,4.41
2025-04-07,3.86,3.73,3.72,3.82,3.97,4.15,4.61,4.58
2025-04-08,3.83,3.71,3.71,3.88,4.05,4.26,4.76,4.71
2025-04-09,4.03,3.91,3.91,4.06,4.2,4.34,4.78,4.72
2025-04-10,3.97,3.84,3.85,4.04,4.21,4.4,4.9,4.86
2025-04-11,4.04,3.96,3.98,4.15,4.32,4.48,4.91,4.85
2025-04-14,3.99,3.84,3.87,4.02,4.2,4.38,4.84,4.8
2025-04-15,3.99,3.84,3.85,3.98,4.15,4.35,4.82,4.79
2025-04-16,3.96,3.77,3.77,3.91,4.08,4.29,4.77,4.74
2025-04-17,3.99,3.81,3.82,3.95,4.13,4.34,4.82,4.8
2025-04-21,3.95,3.75,3.77,3.97,4.19,4.42,4.94,4.91
2025-04-22,3.98,3.76,3.82,3.98,4.19,4.41,4.9,4.88
2025-04-23,4.01,3.81,3.87,4.0,4.2,4.4,4.86,4.83
2025-04-24,3.97,3.77,3.8,3.91,4.11,4.32,4.79,4.77
2025-04-25,3.95,3.74,3.76,3.88,4.06,4.29,4.75,4.74
2025-04-28,3.92,3.67,3.67,3.81,4.01,4.23,4.71,4.69
2025-04-29,3.89,3.65,3.65,3.77,3.96,4.19,4.66,4.64
2025-04-30,3.85,3.6,3.58,3.72,3.93,4.17,4.68,4.66
2025-05-01,3.92,3.7,3.69,3.81,4.02,4.25,4.75,4.74
2025-05-02,4.0,3.83,3.82,3.92,4.11,4.33,4.81,4.79
2025-05-05,4.02,3.83,3.78,3.95,4.14,4.36,4.84,4.83
2025-05-06,3.98,3.78,3.73,3.9,4.1,4.3,4.82,4.81
2025-05-07,4.0,3.78,3.72,3.87,4.06,4.26,4.78,4.77
2025-05-08,4.05,3.9,3.85,4.0,4.18,4.37,4.86,4.83
2025-05-09,4.05,3.88,3.85,4.0,4.18,4.37,4.86,4.83
2025-05-12,4.11,3.98,3.97,4.09,4.27,4.45,4.92,4.89
2025-05-13,4.11,4.02,4.0,4.12,4.3,4.49,4.97,4.94
2025-05-14,4.14,4.05,4.05,4.17,4.35,4.53,5.0,4.97
2025-05-15,4.1,3.96,3.95,4.07,4.25,4.45,4.93,4.91
2025-05-16,4.13,3.98,3.95,4.06,4.24,4.43,4.92,4.89
2025-05-19,4.12,3.97,3.95,4.07,4.26,4.46,4.95,4.92
2025-05-20,4.12,3.97,3.95,4.07,4.27,4.48,4.99,4.96
2025-05-21,4.13,4.0,4.0,4.15,4.37,4.58,5.08,5.08
2025-05-22,4.13,4.0,3.99,4.11,4.32,4.54,5.05,5.05
2025-05-23,4.15,4.0,3.96,4.08,4.29,4.51,5.03,5.04
2025-05-27,4.14,3.92,3.93,4.04,4.22,4.43,4.95,4.94
2025-05-28,4.16,3.96,3.95,4.05,4.27,4.47,4.99,4.97
2025-05-29,4.13,3.92,3.91,4.0,4.2,4.43,4.94,4.92
2025-05-30,4.11,3.89,3.87,3.96,4.18,4.41,4.93,4.92
2025-06-02,4.12,3.94,3.91,4.01,4.22,4.46,5.0,4.99
2025-06-03,4.12,3.96,3.93,4.04,4.23,4.46,5.0,4.98
2025-06-04,4.06,3.87,3.84,3.93,4.14,4.37,4.9,4.89
2025-06-05,4.08,3.92,3.9,3.99,4.18,4.4,4.9,4.88
2025-06-06,4.14,4.04,4.02,4.13,4.31,4.51,4.99,4.97
2025-06-09,4.13,4.01,3.99,4.09,4.28,4.49,4.98,4.95
2025-06-10,4.12,4.01,3.95,4.08,4.27,4.47,4.96,4.93
2025-06-11,4.08,3.94,3.89,4.02,4.21,4.41,4.93,4.91
2025-06-12,4.06,3.9,3.85,3.97,4.15,4.36,4.86,4.84
2025-06-13,4.09,3.96,3.9,4.02,4.2,4.41,4.93,4.9
2025-06-16,4.1,3.97,3.93,4.04,4.23,4.46,4.97,4.96
2025-06-17,4.1,3.94,3.9,3.99,4.17,4.39,4.89,4.88
2025-06-18,4.1,3.94,3.89,3.98,4.17,4.38,4.89,4.88
2025-06-20,4.07,3.9,3.86,3.96,4.16,4.38,4.9,4.89
2025-06-23,4.0,3.84,3.8,3.91,4.1,4.34,4.87,4.87
2025-06-24,3.99,3.75,3.75,3.86,4.06,4.3,4.83,4.83
2025-06-25,3.99,3.74,3.74,3.83,4.05,4.29,4.83,4.83
2025-06-26,3.96,3.7,3.68,3.79,4.0,4.26,4.81,4.81
2025-06-27,3.97,3.73,3.72,3.83,4.03,4.29,4.85,4.85
2025-06-30,3.96,3.72,3.68,3.79,3.98,4.24,4.79,4.78
2025-07-01,3.98,3.78,3.75,3.84,4.03,4.26,4.79,4.78
2025-07-02,3.99,3.78,3.77,3.87,4.06,4.3,4.84,4.82
2025-07-03,4.07,3.88,3.84,3.94,4.12,4.35,4.87,4.86
2025-07-07,4.08,3.9,3.85,3.96,4.16,4.4,4.93,4.92
2025-07-08,4.11,3.9,3.86,3.99,4.18,4.42,4.95,4.94
2025-07-09,4.07,3.86,3.8,3.92,4.11,4.34,4.87,4.87
2025-07-10,4.07,3.86,3.82,3.93,4.12,4.35,4.87,4.86
2025-07-11,4.09,3.9,3.86,3.99,4.19,4.43,4.96,4.96
2025-07-14,4.08,3.9,3.86,3.98,4.19,4.43,4.97,4.97
2025-07-15,4.12,3.95,3.93,4.05,4.26,4.5,5.02,5.01
2025-07-16,4.08,3.88,3.86,3.99,4.21,4.46,5.01,5.01
2025-07-17,4.1,3.91,3.89,4.01,4.22,4.47,5.01,5.01
2025-07-18,4.08,3.88,3.84,3.96,4.18,4.44,4.99,5.0
2025-07-21,4.06,3.85,3.81,3.91,4.13,4.38,4.93,4.94
2025-07-22,4.05,3.83,3.77,3.88,4.09,4.35,4.9,4.9
2025-07-23,4.08,3.88,3.84,3.94,4.15,4.4,4.93,4.95
2025-07-24,4.1,3.91,3.87,3.98,4.18,4.43,4.95,4.96
2025-07-25,4.09,3.91,3.86,3.95,4.15,4.4,4.92,4.92
2025-07-28,4.09,3.91,3.87,3.96,4.18,4.42,4.95,4.96
2025-07-29,4.07,3.86,3.82,3.9,4.1,4.34,4.86,4.86
2025-07-30,4.12,3.94,3.89,3.96,4.15,4.38,4.9,4.89
2025-07-31,4.1,3.94,3.89,3.96,4.14,4.37,4.89,4.89
2025-08-01,3.87,3.69,3.67,3.77,3.97,4.23,4.79,4.81
2025-08-04,3.82,3.69,3.66,3.75,3.95,4.22,4.78,4.8
2025-08-05,3.92,3.72,3.63,3.77,3.97,4.22,4.77,4.78
2025-08-06,3.9,3.69,3.63,3.77,3.97,4.22,4.8,4.81
2025-08-07,3.92,3.72,3.66,3.79,3.99,4.23,4.81,4.81
2025-08-08,3.93,3.76,3.7,3.84,4.03,4.27,4.84,4.85
2025-08-11,3.93,3.76,3.71,3.83,4.03,4.27,4.83,4.84
2025-08-12,3.9,3.72,3.69,3.83,4.03,4.29,4.87,4.88
2025-08-13,3.86,3.67,3.64,3.77,3.98,4.24,4.81,4.83
2025-08-14,3.91,3.74,3.7,3.82,4.03,4.29,4.86,4.88
2025-08-15,3.93,3.75,3.73,3.85,4.07,4.33,4.91,4.92
2025-08-18,3.93,3.77,3.73,3.86,4.07,4.34,4.92,4.94
2025-08-19,3.91,3.75,3.7,3.82,4.04,4.3,4.89,4.9
2025-08-20,3.9,3.74,3.69,3.81,4.02,4.29,4.86,4.89
2025-08-21,3.95,3.79,3.75,3.86,4.07,4.33,4.89,4.92
2025-08-22,3.87,3.68,3.64,3.76,3.98,4.26,4.84,4.88
2025-08-25,3.88,3.73,3.68,3.8,4.01,4.28,4.86,4.89
2025-08-26,3.85,3.61,3.63,3.75,3.98,4.26,4.86,4.9
2025-08-27,3.83,3.59,3.59,3.69,3.95,4.24,4.87,4.91
2025-08-28,3.85,3.62,3.6,3.69,3.92,4.22,4.83,4.88
2025-08-29,3.83,3.59,3.58,3.68,3.92,4.23,4.86,4.92
2025-09-02,3.82,3.66,3.63,3.74,3.98,4.28,4.92,4.97
2025-09-03,3.77,3.61,3.58,3.69,3.92,4.22,4.85,4.9
2025-09-04,3.76,3.59,3.55,3.65,3.87,4.17,4.81,4.86
2025-09-05,3.65,3.51,3.48,3.59,3.8,4.1,4.72,4.78
2025-09-08,3.64,3.49,3.47,3.57,3.77,4.05,4.65,4.69
2025-09-09,3.68,3.54,3.48,3.61,3.81,4.08,4.68,4.72
2025-09-10,3.66,3.54,3.47,3.59,3.78,4.04,4.65,4.69
2025-09-11,3.63,3.52,3.47,3.59,3.76,4.01,4.61,4.65
2025-09-12,3.66,3.56,3.52,3.63,3.81,4.06,4.65,4.68
2025-09-15,3.64,3.54,3.5,3.61,3.79,4.05,4.63,4.66
2025-09-16,3.62,3.51,3.47,3.59,3.78,4.04,4.61,4.65
2025-09-17,3.6,3.52,3.51,3.62,3.81,4.06,4.62,4.66
2025-09-18,3.61,3.57,3.55,3.67,3.86,4.11,4.68,4.72
2025-09-19,3.6,3.57,3.56,3.68,3.88,4.14,4.71,4.75
2025-09-22,3.61,3.61,3.59,3.71,3.9,4.15,4.73,4.77
2025-09-23,3.61,3.53,3.57,3.68,3.87,4.12,4.7,4.73
2025-09-24,3.63,3.57,3.6,3.7,3.91,4.16,4.73,4.76
2025-09-25,3.68,3.64,3.66,3.75,3.94,4.18,4.73,4.75
2025-09-26,3.67,3.63,3.66,3.76,3.96,4.2,4.74,4.77
2025-09-29,3.65,3.63,3.63,3.74,3.92,4.15,4.69,4.71
2025-09-30,3.68,3.6,3.61,3.74,3.93,4.16,4.71,4.73
2025-10-01,3.62,3.55,3.56,3.68,3.88,4.12,4.69,4.72
2025-10-02,3.62,3.55,3.56,3.67,3.86,4.1,4.66,4.69
2025-10-03,3.64,3.58,3.59,3.72,3.9,4.13,4.69,4.71
2025-10-06,3.66,3.6,3.63,3.75,3.95,4.18,4.73,4.76
2025-10-07,3.65,3.57,3.56,3.71,3.9,4.14,4.7,4.73
2025-10-08,3.66,3.58,3.58,3.72,3.91,4.13,4.69,4.72
2025-10-09,3.66,3.6,3.59,3.74,3.92,4.14,4.7,4.72
2025-10-10,3.6,3.52,3.52,3.65,3.83,4.05,4.6,4.63
2025-10-14,3.58,3.48,3.47,3.6,3.79,4.03,4.59,4.62
2025-10-15,3.61,3.5,3.51,3.63,3.82,4.05,4.61,4.64
2025-10-16,3.54,3.41,3.42,3.55,3.74,3.99,4.56,4.58
2025-10-17,3.56,3.46,3.47,3.59,3.78,4.02,4.58,4.6
2025-10-20,3.55,3.46,3.47,3.58,3.77,4.0,4.56,4.58
2025-10-21,3.56,3.45,3.46,3.56,3.74,3.98,4.53,4.55
2025-10-22,3.55,3.45,3.44,3.56,3.74,3.97,4.52,4.54
2025-10-23,3.59,3.48,3.49,3.61,3.79,4.01,4.55,4.58
2025-10-24,3.58,3.48,3.49,3.61,3.79,4.02,4.56,4.59
2025-10-27,3.59,3.48,3.5,3.61,3.79,4.01,4.55,4.57
2025-10-28,3.59,3.47,3.5,3.6,3.77,3.99,4.53,4.55
2025-10-29,3.7,3.59,3.6,3.7,3.87,4.08,4.59,4.61
